{
  "1298974816": [
    1761236674.757288,
    1761236810.412379,
    1761237039.47436
  ],
  "5360930165": [
    1761241210.194041,
    1761241584.857393,
    1761241711.326589
  ]
}