{
  "1298974816": [
    1761585054.742519
  ],
  "5360930165": [
    1761584013.737915,
    1761585055.952757
  ]
}