{
  "1298974816": [
    1766086765.104709
  ],
  "5360930165": [
    1761584013.737915,
    1761585055.952757
  ]
}